Nama,Jenis Kelamin,Umur,Lokasi,Jenis,Status Vaksinasi,Foto Kucing
Trisie Beiji,female,3 Years,Depok,Local,Sudah,Trisie Beiji.jpg
Trisi Sukmajaya,female,8 Bulan,Depok,Local,Sudah,Trisi Sukmajaya.jpg
Uli,female,8 Bulan,Depok,Local,Sudah,Uli.jpg
Chika,female,3 tahun,Depok,Local,Sudah,Chika.jpg
Cookies,female,2 tahun,Depok,Local,Sudah,Cookies.jpg
Merdeka,female,3 tahun,Depok,Local,Sudah,Merdeka
Paper,female,3 tahun,Depok,Local,Sudah,Paper
Biru,female,2 tahun,Depok,Local,Sudah,Biru.jpg
Sikunyit,female,4 tahun,Depok,Local,Sudah,Sikunyit.jpg
Kuro FE UI,female,1 tahun,Depok,Local,Sudah,Kuro FE UI.jpg
Aprilio,male,3 tahun,Depok,Local Mix,Sudah,Aprilio.jpg
Loci,female,10 tahun,Depok,Local,Sudah,Loci.jpg
Klinika,female,1 tahun,Depok,local,Sudah,Klinika.jpg
Noni,female,2 tahun,Depok,persia mix,Sudah,Klinika.jpg
Mimi,female,2 bulan,Depok,Local,Sudah,Mimi.jpg
Rere,female,2 bulan,Depok,local,Sudah,Rere.jpg
Ucil,male,3 bulan,Depok,local,Sudah,Ucil.JPG
Chandra,male,2 tahun,Depok,local,Sudah,Chandra.JPG
Odin,female,5 bulan,Depok,local,Sudah,Odin.jpeg
Bumi,female,1 tahun,Depok,local,Sudah,Bumi.JPG
Venus,female,2 bulan,Depok,local,Sudah,Venus.JPG
Mars,female,2 bulan,Depok,local,Sudah,Mars.JPG
Bulan,female,2 bulan,Depok,local,Sudah,Bulan.JPG
Embul ,female,2 bulan,Depok,local,Sudah,Embul.JPG
Beam,female,3 tahun,Depok,local,Sudah,Beam.JPG
Pangpong,female,3 bulan,Depok,local,Sudah,Pangpong.JPG
Cope,female,3 tahun,Depok,local,Sudah,Cope.JPG
Cipul,male,1 tahun,Depok,local,Sudah,Cipul.JPG
Dwi,female,1 tahun,Depok,local,Sudah,Dwi.JPG
Titi,female,3 tahun,Depok,local,Sudah,Titi.jpg
Dodo,female,2 bulan,Depok,local,Sudah,Dodo.jpg
Yati,female,2 tahun,Depok,local,Sudah,Yati.jpg
Iming,female,2 tahun,Depok,local,Sudah,Iming.jpg
Nginden,female,3 tahun,Depok,local,Sudah,Nginden.jpg
Bubub,male,3 tahun,Depok,local,Sudah,Bubub.jpg
Desi,female,2 tahun,Depok,local,Sudah,Desi.jpg
Duren,female,2 tahun,Depok,local,Sudah,Duren.jpg
Bejo,male,3 tahun,Depok,local,Sudah,Bejo.jpg
Maisy,female,2 tahun,Depok,local,Sudah,maisy.jpg
Snow,female,1 tahun,Depok,local,Sudah,Snow.jpg